{
  "Total" : {
    "transaction" : "Total",
    "sampleCount" : 300,
    "errorCount" : 3,
    "errorPct" : 1.0,
    "meanResTime" : 73671.36,
    "medianResTime" : 8131.5,
    "minResTime" : 225.0,
    "maxResTime" : 304480.0,
    "pct1ResTime" : 226940.40000000002,
    "pct2ResTime" : 240452.94999999998,
    "pct3ResTime" : 296438.05000000034,
    "throughput" : 0.9333233778839692,
    "receivedKBytesPerSec" : 957.8858211797129,
    "sentKBytesPerSec" : 1.772794892271149
  },
  "getNavigations" : {
    "transaction" : "getNavigations",
    "sampleCount" : 100,
    "errorCount" : 0,
    "errorPct" : 0.0,
    "meanResTime" : 8048.930000000001,
    "medianResTime" : 4737.0,
    "minResTime" : 225.0,
    "maxResTime" : 65998.0,
    "pct1ResTime" : 21515.5,
    "pct2ResTime" : 24508.799999999992,
    "pct3ResTime" : 65856.69999999992,
    "throughput" : 0.4319859690957238,
    "receivedKBytesPerSec" : 30.06026254892241,
    "sentKBytesPerSec" : 1.133570837869186
  },
  "getAllModules" : {
    "transaction" : "getAllModules",
    "sampleCount" : 100,
    "errorCount" : 2,
    "errorPct" : 2.0,
    "meanResTime" : 205181.59000000014,
    "medianResTime" : 216013.0,
    "minResTime" : 1189.0,
    "maxResTime" : 304480.0,
    "pct1ResTime" : 244496.6,
    "pct2ResTime" : 257529.8999999999,
    "pct3ResTime" : 304410.55,
    "throughput" : 0.31295084481080554,
    "receivedKBytesPerSec" : 940.7069729506806,
    "sentKBytesPerSec" : 0.8092927183770996
  },
  "Login" : {
    "transaction" : "Login",
    "sampleCount" : 100,
    "errorCount" : 1,
    "errorPct" : 1.0,
    "meanResTime" : 7783.559999999999,
    "medianResTime" : 3535.5,
    "minResTime" : 395.0,
    "maxResTime" : 209620.0,
    "pct1ResTime" : 12694.600000000006,
    "pct2ResTime" : 19114.699999999968,
    "pct3ResTime" : 208234.00999999928,
    "throughput" : 0.42979881117648827,
    "receivedKBytesPerSec" : 1.4783777955726425,
    "sentKBytesPerSec" : 0.2098417144996927
  }
}